stid,station_name,lat,lon,height,elev,begints,endts,source_network,state
AURO,Aurora,35.0000,-79.0000,2,3.05,2000-06-30 00:00,,ECONET,NC
BAHA,Bahama,35.9876,-78.8954,2,142.96,2018-02-01 00:00,,ECONET,NC
BEAR,Bearwallow,35.4002,-82.3578,2,1285.93,2000-07-27 00:00,,ECONET,NC
BHIC,Bald Head Island,33.8873,-77.9964,2,1.52,2023-05-01 00:00,,ECONET,NC
BUCK,Buckhorn,35.6463,-79.8311,2,2.36,2006-09-20 00:00,,ECONET,NC
BURN,Burnsville,35.9167,-82.3000,2,819.48,2008-12-17 00:00,,ECONET,NC
C4EE,Center for Environmental Excellence,36.0847,-79.7912,2,75.59,2022-04-11 00:00,,ECONET,NC
CAST,Castalia,36.0873,-77.9837,2,13.11,1983-03-17 00:00,,ECONET,NC
CHAP,Chapel Hill,35.9132,-79.0558,2,155.76,2018-07-06 00:00,,ECONET,NC
CLA2,Claremont,35.7126,-81.1478,2,81.99,2003-08-02 00:00,,ECONET,NC
CLAY,Clayton,35.6500,-78.4500,2,111.25,1978-12-08 00:00,,ECONET,NC
CLIN,Clinton,35.0000,-78.3333,2,50.6,1984-04-17 00:00,,ECONET,NC
DURH,Durham,35.9940,-78.8986,2,101.21,2008-11-12 00:00,,ECONET,NC
EBCI,Eastern Band of Cherokee Indians,35.4735,-83.3148,2,603.01,2023-06-27 00:00,,ECONET,NC
FLET,Fletcher,35.4368,-82.5079,2,629.86,1982-06-18 00:00,,ECONET,NC
FRYI,Frying Pan Tower,33.4994,-77.5978,2,1621.54,2004-11-16 00:00,,ECONET,NC
GOLD,Goldsboro,35.3849,-77.9928,2,19.2,2002-04-05 00:00,,ECONET,NC
GRANDFATHR,Grandfather Mountain,36.1112,-81.8115,2,1609.34,2008-05-21 00:00,,ECONET,NC
HAML,Hamilton,36.0100,-77.2000,2,97.84,2007-11-27 00:00,,ECONET,NC
JACK,Jackson,36.3900,-77.4240,2,188.36,1985-08-29 00:00,,ECONET,NC
JEFF,Jefferson,36.4200,-81.4700,2,1404.86,2013-08-14 00:00,,ECONET,NC
JRSP,Jordan State Park,35.7351,-79.0176,2,4.57,2022-05-19 00:00,,ECONET,NC
KINS,Kinston,35.2749,-77.5818,2,20.73,1987-06-2 00:00,,ECONET,NC
LAKE,High Rock Lake,35.6434,-80.2675,2,116.43,1982-05-12 00:00,,ECONET,NC
LAUR,Laurinburg,34.7740,-79.4644,2,916.96,2000-04-18 00:00,,ECONET,NC
LEWS,Lewiston,36.1255,-77.2369,2,23.16,1979-04-03 00:00,,ECONET,NC
LILE,Littleton,36.4331,-77.9078,2,139.29,2007-05-18 00:00,,ECONET,NC
MITC,Mitchell,35.7500,-82.0833,2,1893.65,2008-06-26 00:00,,ECONET,NC
MORG,Morganton,35.7453,-81.6840,2,348.84,2024-07-31 00:00,,ECONET,NC
NCAT,North Carolina A&T,36.0750,-79.7740,2,241.38,2006-02-23 00:00,,ECONET,NC
NEWL,New London,35.4421,-80.1931,2,176.78,2009-2-22 00:00,,ECONET,NC
OXFO,Oxford,36.3105,-78.5908,2,152.4,1987-05-01 00:00,,ECONET,NC
PLYM,Plymouth,35.8726,-76.7486,2,6.1,1984-07-20 00:00,,ECONET,NC
REED,Reedy Creek,35.9500,-78.5500,2,142.65,1998-2-14 00:00,,ECONET,NC
REID,Reidsville,36.3546,-79.6767,2,261.62,1999-05-19 00:00,,ECONET,NC
ROCK,Rockingham,34.9400,-79.7600,2,27.74,1987-05-19 00:00,,ECONET,NC
SALI,Salisbury,35.6668,-80.4731,2,207.26,1982-05-12 00:00,,ECONET,NC
SASS,Sassafras Mountain,35.0833,-82.7500,2,1074.98,2014-12-18 00:00,,ECONET,NC
SILR,Silver Run,34.3333,-78.3333,2,187.2,2000-2-24 00:00,,ECONET,NC
SPIN,Spindale,35.3608,-81.9219,2,328.46,2014-08-14 00:00,,ECONET,NC
SPRU,Spruce Pine,35.9118,-82.0743,2,837.92,2013-02-07 00:00,,ECONET,NC
TAYL,Taylorsville,35.9211,-81.1764,2,355.65,2008-11-06 00:00,,ECONET,NC
UNCA,University of North Carolina Asheville,35.6174,-82.5661,2,721.36,2019-05-07 00:00,,ECONET,NC
WAYN,Waynesville,35.4881,-82.9886,2,839.34,1987-2-03 00:00,,ECONET,NC
WHIT,Whittier,35.3744,-83.3853,2,28.65,1984-05-25 00:00,,ECONET,NC
WILD,Wildcat Mountain,35.1500,-82.9000,2,17.07,2008-09-25 00:00,,ECONET,NC
WILL,Williamston,35.8457,-77.0667,2,21.95,2000-05-2 00:00,,ECONET,NC
WINE,Wine Spring Bald,35.0750,-83.5722,2,1666.82,2002-05-15 00:00,,ECONET,NC
AGU,Aguila,33.95,-113.19,3,657,1987-01-01 00:00,,AZMet,AZ
BON,Bonita,32.48,-109.93,3,1349,1996-11-25 00:00,,AZMet,AZ
BOW,Bowie,32.29,-109.47,3,1162,2004-07-31 00:00,,AZMet,AZ
BUC,Buckeye,33.41,-112.68,3,301,1998-01-24 00:00,,AZMet,AZ
COO,Coolidge,32.98,-111.61,3,423,1987-01-01 00:00,,AZMet,AZ
DAT,Dateland,32.99,-113.49,3,162,1990-03-09 00:00,1996-12-31 00:00,AZMet,AZ
DES,Desert Ridge,33.69,-111.96,3,511,2002-08-13 00:00,,AZMet,AZ
ELO,Eloy,32.81,-111.56,3,461,1989-11-01 00:00,2005-03-31 00:00,AZMet,AZ
FLG,Flagstaff,35.21,-111.58,3,2062,2003-11-08 00:00,2010-04-16 00:00,AZMet,AZ
MOC,Ft Mohave CA,34.97,-114.65,3,147,2017-05-17 00:00,,AZMet,CA
HAR,Harquahala,33.49,-113.11,3,348,2016-06-11 00:00,,AZMet,AZ
KAN,Kansas Settlement,32.12,-109.74,3,1284,2006-07-19 00:00,2014-06-22 00:00,AZMet,AZ
LAV,Laveen,33.38,-112.15,3,406,1994-01-01 00:00,1997-12-31 00:00,AZMet,AZ
LIT,Litchfield,33.47,-112.4,3,307,1987-05-12 00:00,2003-02-03 00:00,AZMet,AZ
MRN,Marana,32.42,-111.16,3,622,2006-09-29 00:00,2011-12-14 00:00,AZMet,AZ
MAC,Maricopa,33.07,-111.97,3,362,1987-01-01 00:00,,AZMet,AZ
MES,Mesa,33.39,-111.87,3,368,2003-07-25 00:00,2020-05-31 00:00,AZMet,AZ
MOH,Mohave,34.97,-114.61,3,147,1992-01-01 00:00,,AZMet,AZ
MOE,Mohave ETo,34.9,-114.62,3,145,2023-07-20 00:00,,AZMet,AZ
MO2,Mohave-2,34.88,-114.57,3,142,2011-07-01 00:00,,AZMet,AZ
GIB,Paloma,32.93,-112.9,3,221,1991-07-13 00:00,,AZMet,AZ
PAR,Parker,33.96,-114.49,3,98,2009-06-24 00:00,,AZMet,AZ
PA2,Parker-2,33.86,-114.48,3,92,2017-02-17 00:00,,AZMet,AZ
PAY,Payson,34.23,-111.35,3,1479,2003-11-08 00:00,,AZMet,AZ
PEN,Phoenix Encanto,33.48,-112.1,3,334,1988-08-26 00:00,,AZMet,AZ
PGR,Phoenix Greenway,33.62,-112.11,3,403,,AZMet,AZ
PRS,Prescott,34.59,-112.42,3,1584,1987-07-29 00:00,,AZMet,AZ
QCR,Queen Creek,33.19,-111.53,3,462,2003-01-01 00:00,,AZMet,AZ
ROL,Roll,32.76,-113.97,3,81,1997-02-20 00:00,,AZMet,AZ
SAF,Safford,32.81,-109.68,3,903,1987-01-01 00:00,,AZMet,AZ
SAH,Sahuarita,31.97,-110.95,3,822,2013-06-11 00:00,,AZMet,AZ
SAL,Salome,33.85,-113.54,3,585,2018-01-23 00:00,,AZMet,AZ
SAN,San Simon,32.2,-109.12,3,1130,2011-04-08 00:00,,AZMet,AZ
SCO,Scottsdale,33.64,-111.9,3,476,1991-06-13 00:00,1998-09-09 00:00,AZMet,AZ
TUC,Tucson,32.28,-110.95,3,714,2024-02-01 00:00,,AZMet,AZ
CIT,Waddell,33.62,-112.46,3,406,1987-05-12 00:00,2010-05-31 00:00,AZMet,AZ
WEL,Wellton ETo,32.69,-114.07,3,73,2023-05-02 00:00,,AZMet,AZ
WIB,Willcox Bench,32.12,-109.71,3,1306,2016-06-18 00:00,,AZMet,AZ
YUM,Yuma Mesa,32.61,-114.64,3,58,1987-01-01 00:00,2009-11-15 00:00,AZMet,AZ
YUG,Yuma N.Gila,32.78,-114.52,3,43,2021-10-15 00:00,,AZMet,AZ
YUS,Yuma South,32.57,-114.74,3,28,2009-11-18 00:00,,AZMet,AZ
YUV,Yuma Valley,32.71,-114.7,3,36,2020-10-15 00:00,,AZMet,AZ
YUE,Yuma Valley ETo,32.71,-114.7,3,36,2023-05-02 00:00,,AZMet,AZ
AKR02,Akron,40.1548,-103.1420,2.5,4537,1992-07-01 00:00,,COAGMET,CO
ALT01,Ault,40.5690,-104.7200,2.5,4910,1992-03-17 00:00,,COAGMET,CO
AVN01,Avondale,38.2056,-104.3294,2.5,4630,1992-06-04 00:00,,COAGMET,CO
BLA01,Blanca,37.3905,-105.5570,2.5,7755,1997-02-24 00:00,,COAGMET,CO
BNV01,Buena Vista,38.8315,-106.1290,2.5,7900,2010-10-12 00:00,,COAGMET,CO
BRG01,Briggsdale,40.5947,-104.3190,2.5,4858,2002-07-31 00:00,,COAGMET,CO
BRK01,Bedrock,38.3279,-108.8550,2.5,4973,2013-11-07 00:00,2022-05-11 00:00,COAGMET,CO
BRL01,Burlington North,39.4998,-102.0740,2.5,3900,1992-05-07 00:00,2012-01-02 00:00,COAGMET,CO
BRL02,Burlington South,39.2651,-102.1090,2.5,4170,1992-01-02 00:00,,COAGMET,CO
BRL03,Burlington 3,39.3374,-102.1960,2.5,4068,2008-03-21 00:00,,COAGMET,CO
CBL01,Carbondale,39.3623,-107.2080,2.5,6293,2015-05-08 00:00,,COAGMET,CO
CBN01,Collbran,39.1993,-107.9899,2.5,6555,2018-03-30 00:00,,COAGMET,CO
CCR01,Cherry Creek Res,39.6059,-104.8339,2.5,5632,2019-07-25 00:00,,COAGMET,CO
CDG01,Cedaredge,38.9142,-107.9320,2.5,6404,2006-02-18 00:00,2015-05-06 00:00,COAGMET,CO
CHT01,Chatfield at South Platte Res,39.5741,-105.0538,2.5,5414,2019-12-04 00:00,,COAGMET,CO
CKP01,Cherokee Park,40.8263,-105.2670,2.5,5956,2014-07-25 00:00,,COAGMET,CO
CLK01,Clark,40.7043,-106.9341,2.5,7221,2018-04-25 00:00,,COAGMET,CO
CNN01,Canon City,38.4425,-105.1764,2.5,5344,2010-12-31 00:00,,COAGMET,CO
COW01,Cowdrey,40.8659,-106.3360,2.5,7895,2009-06-10 00:00,,COAGMET,CO
CTR01,Center,37.7067,-106.1440,2.5,7702,1993-10-08 00:00,,COAGMET,CO
CTR02,Center #2,37.8288,-106.0380,2.5,7608,2003-10-02 00:00,,COAGMET,CO
CTZ01,Cortez,37.2246,-108.6725,2.5,6015,1992-01-02 00:00,,COAGMET,CO
CYA01,Canyon of the Ancients,37.5009,-108.8155,2.5,6680,2022-02-04 00:00,,COAGMET,CO
DEN01,Denver,39.7836,-104.9742,2.5,5280,2023-10-25 00:00,,COAGMET,CO
DLR01,Dolores,37.4107,-108.5197,2.5,6568,2023-05-18 00:00,,COAGMET,CO
DLT01,Delta,38.7345,-108.1186,2.5,5010,1995-04-19 00:00,2021-04-03 00:00,COAGMET,CO
DRG01,Durango,37.1125,-107.8806,2.5,6203,2018-05-30 00:00,,COAGMET,CO
DVC01,Dove Creek,37.7265,-108.9540,2.5,6595,1992-10-28 00:00,,COAGMET,CO
EAC01,Eastern Adams County,39.7857,-103.7980,2.5,4907,2000-07-17 00:00,,COAGMET,CO
EGL01,Eagle,39.6308,-106.7815,2.5,6894,2019-11-19 00:00,,COAGMET,CO
EKT01,Eckert,38.8398,-107.9730,2.5,5522,2015-05-07 00:00,,COAGMET,CO
FCC01,Christman Field,40.5917,-105.1418,2.5,5148,1997-09-16 00:00,,COAGMET,CO
FCL01,Fort Collins,40.5762,-105.0857,2.5,4997,1996-02-01 00:00,,COAGMET,CO
FRT01,CSU Fruita Expt,39.1667,-108.7500,2.5,4500,2008-01-01 00:00,2008-12-30 00:00,COAGMET,CO
FRT02,CSU Fruita Expt Station,39.1803,-108.6993,2.5,4519,1992-06-16 00:00,2020-01-05 00:00,COAGMET,CO
FRT03,CSU Fruita Exp Station,39.1830,-108.6968,2.5,4605,2019-09-25 00:00,,COAGMET,CO
FTC01,Fort Collins AERC,40.5947,-105.1370,2.5,5120,1992-02-01 00:00,,COAGMET,CO
FTC03,CSU - ARDEC,40.6525,-105.0000,2.5,5110,1992-05-08 00:00,,COAGMET,CO
FTL01,Fort Lupton,40.0011,-104.8490,2.5,5055,1992-03-17 00:00,,COAGMET,CO
FTM01,Fort Morgan,40.2585,-103.9540,2.5,4320,1995-04-21 00:00,2010-04-06 00:00,COAGMET,CO
FWL01,Fowler,38.1351,-104.0320,2.5,4335,2005-03-17 00:00,,COAGMET,CO
GBY01,Granby,40.1047,-105.9433,2.5,7911,2018-04-23 00:00,,COAGMET,CO
GJC01,Grand Junction,39.1752,-108.6320,2.5,4869,1993-10-01 00:00,2009-05-10 00:00,COAGMET,CO
GLY03,Greeley,40.4394,-104.6470,2.5,4680,1992-03-04 00:00,2010-06-15 00:00,COAGMET,CO
GLY04,Greeley 4,40.4487,-104.6380,2.5,4683,2008-06-05 00:00,,COAGMET,CO
GUN01,Gunnison,38.6135,-106.9010,2.5,7894,2015-02-25 00:00,,COAGMET,CO
GYP01,Gypsum,39.6344,-106.9469,2.5,6470,2017-10-11 00:00,,COAGMET,CO
HEB01,Hebron,40.5455,-106.3880,2.5,8170,2009-06-10 00:00,,COAGMET,CO
HLY01,Holly,38.0700,-102.0900,2.5,3636,2001-09-27 00:00,,COAGMET,CO
HLY02,Holly #2,38.1361,-102.2410,2.5,3570,2005-05-21 00:00,,COAGMET,CO
HNE01,Hoehne,37.2893,-104.3130,2.5,5625,2000-02-14 00:00,,COAGMET,CO
HOT01,CSU Rogers Mesa Expt Sta,38.7917,-107.7920,2.5,5547,1998-05-21 00:00,2019-09-25 00:00,COAGMET,CO
HOT02,CSU Rogers Mesa Research Sta,38.7985,-107.7882,2.5,5631,2019-03-19 00:00,,COAGMET,CO
HRT01,Heartstrong,39.9552,-102.6250,2.5,4129,2005-05-30 00:00,2008-02-28 00:00,COAGMET,CO
HXT01,Haxtun,40.6722,-102.6470,2.5,4040,1997-03-27 00:00,,COAGMET,CO
HYD01,Hayden,40.4990,-107.1810,2.5,6454,2011-11-16 00:00,,COAGMET,CO
HYK02,Holyoke,40.4909,-102.0890,2.5,3735,1992-01-02 00:00,,COAGMET,CO
IDL01,Idalia,39.7312,-102.3020,2.5,3975,1992-01-02 00:00,,COAGMET,CO
IGN01,Ignacio,37.1383,-107.7072,2.5,6617,2018-04-20 00:00,,COAGMET,CO
IGN02,Ignacio 2,37.0769,-107.5872,2.5,6490,2024-04-04 00:00,,COAGMET,CO
ILF01,Iliff,40.7678,-103.0450,2.5,3822,2008-02-02 00:00,,COAGMET,CO
JFN01,Jefferson,39.3509,-105.8153,2.5,9460,2012-01-01 00:00,,COAGMET,CO
KLN01,Kline,37.1261,-108.1465,2.5,6755,2018-04-12 00:00,,COAGMET,CO
KRK01,Kirk,39.6554,-102.6210,2.5,4213,1996-05-13 00:00,,COAGMET,CO
KRM01,Kremmling,40.1154,-106.2829,2.5,7534,2018-04-30 00:00,,COAGMET,CO
KSY01,Kersey 1,40.3768,-104.5320,2.5,4625,1992-05-01 00:00,,COAGMET,CO
KSY02,Kersey 2,40.3629,-104.4780,2.5,4563,2015-01-01 00:00,,COAGMET,CO
LAM01,Lamar #1,37.9807,-102.5960,2.5,3776,1996-08-03 00:00,,COAGMET,CO
LAM02,Lamar #2,38.1734,-102.5590,2.5,3736,2002-07-31 00:00,2005-06-14 00:00,COAGMET,CO
LAM03,Lamar #3,37.9798,-102.7130,2.5,3918,2002-07-31 00:00,,COAGMET,CO
LAM04,Lamar #4,38.1508,-102.5986,2.5,3703,2005-05-11 00:00,,COAGMET,CO
LAR01,Larand,40.6126,-106.2997,2.5,8252,2009-06-10 00:00,,COAGMET,CO
LBN01,Lebanon,37.4481,-108.5504,2.5,6800,2022-02-04 00:00,,COAGMET,CO
LCN01,Lucerne,40.4756,-104.7070,2.5,4750,1992-03-04 00:00,,COAGMET,CO
LJR01,LaJara,37.2443,-105.9722,2.5,7595,2005-05-19 00:00,,COAGMET,CO
LJT01,LaJunta,38.0778,-103.3660,2.5,3960,2005-03-17 00:00,,COAGMET,CO
LMS02,Las Animas 2,38.0090,-103.2438,2.5,3949,2020-03-10 00:00,,COAGMET,CO
LSL01,La Salle,40.3349,-104.6300,2.5,4676,2012-02-10 00:00,,COAGMET,CO
MCL01,McClave (was Las Animas #1),38.1478,-102.8590,2.5,3895,2005-03-17 00:00,,COAGMET,CO
MKR01,Meeker,40.0083,-107.9078,2.5,6342,2018-04-26 00:00,,COAGMET,CO
MNC01,Mancos,37.3212,-108.3390,2.5,6730,2010-10-29 00:00,,COAGMET,CO
MTR01,Montrose,38.5470,-107.9143,2.5,5651,2015-02-24 00:00,,COAGMET,CO
NUC01,Southeast Nucla,38.2658,-108.5460,2.5,5770,2024-06-05 00:00,,COAGMET,CO
NWD01,Norwood,38.1510,-108.2835,2.5,7000,2018-06-14 00:00,,COAGMET,CO
ORM01,Orchard Mesa,39.0424,-108.4664,2.5,4700,2006-01-02 00:00,2019-09-24 00:00,COAGMET,CO
ORM02,CSU Orchard Mesa Research Sta,39.0441,-108.4673,2.5,4700,2019-09-25 00:00,,COAGMET,CO
OTH01,Olathe,38.6351,-107.9636,2.5,5324,1992-07-28 00:00,,COAGMET,CO
OTH02,Olathe 2,38.6135,-108.0690,2.5,5450,2010-08-12 00:00,2016-12-30 00:00,COAGMET,CO
PAI01,Paoli,40.4248,-102.4750,2.5,3875,2001-09-26 00:00,,COAGMET,CO
PAN01,Paonia,38.8656,-107.5990,2.5,5643,0001-01-01 00:00,0001-01-01 00:00,COAGMET,CO
PBL01,Pueblo  (defunct),38.2317,-104.4670,2.5,4710,1993-08-04 00:00,1995-05-21 00:00,COAGMET,CO
PBW01,Pueblo West,38.1515,-104.8042,2.5,5448,2023-02-03 00:00,,COAGMET,CO
PGS01,Pagosa Springs,37.2770,-106.9826,2.5,7181,2018-04-20 00:00,,COAGMET,CO
PKH01,Peckham,40.3125,-104.7270,2.5,4701,1992-03-17 00:00,,COAGMET,CO
PKN01,Punkin Center,38.9313,-103.6846,2.5,5341,2022-03-31 00:00,,COAGMET,CO
PKR01,Parker,39.5505,-104.8110,2.5,5813,2015-03-12 00:00,2019-07-24 00:00,COAGMET,CO
PNR01,Penrose,38.4119,-104.9980,2.5,5331,2010-10-13 00:00,,COAGMET,CO
PTV01,Platteville,40.2278,-104.8350,2.5,4700,0001-01-01 00:00,0001-01-01 00:00,COAGMET,CO
RFD01,CSU Expt Stn Rocky Ford,38.0385,-103.6950,2.5,4180,1992-06-04 00:00,,COAGMET,CO
RFD02,CSU Expt Stn Rocky Ford NRCS,38.0385,-103.6950,2.5,4180,1999-01-02 00:00,2005-06-29 00:00,COAGMET,CO
SAN01,San Acacio,37.1417,-105.6110,2.5,7753,2000-08-12 00:00,,COAGMET,CO
SBT01,Seibert,39.1187,-102.9250,2.5,4852,2015-04-02 00:00,,COAGMET,CO
SCM01,Sand Creek Massacre HS,38.5439,-102.5030,2.5,3963,2008-07-24 00:00,,COAGMET,CO
SLD01,Salida,38.5713,-106.0427,2.5,7227,2010-07-28 00:00,,COAGMET,CO
SLT01,Silt,39.5667,-107.6934,2.5,5620,2015-05-08 00:00,,COAGMET,CO
STG01,Sterling,40.4632,-103.0277,2.5,4472,2006-03-24 00:00,,COAGMET,CO
STN01,Stratton,39.2987,-102.5220,2.5,4321,2006-04-02 00:00,,COAGMET,CO
STT01,Stonington,37.1613,-102.1220,2.5,3841,2006-04-02 00:00,2008-01-08 00:00,COAGMET,CO
TWC01,Towaoc,37.1891,-108.9351,2.5,5319,1998-06-30 00:00,,COAGMET,CO
UWR70,United Water,40.3806,-104.3500,2.5,4682,2011-03-03 00:00,2015-02-11 00:00,COAGMET,CO
VLD01,Vineland,38.2235,-104.4610,2.5,4420,1993-08-04 00:00,2010-10-11 00:00,COAGMET,CO
WAV01,Waverly,40.7102,-105.1030,2.5,5229,2012-02-17 00:00,2012-04-18 00:00,COAGMET,CO
WCF01,Westcliffe,38.1504,-105.4988,2.5,7734,2010-09-20 00:00,,COAGMET,CO
WFD01,Wolford Mtn Reservoir,40.1387,-106.4150,2.5,7520,2004-11-30 00:00,,COAGMET,CO
WGG01,Wiggins 06,40.3333,-104.0360,2.5,4447,1997-04-01 00:00,2004-10-31 00:00,COAGMET,CO
WGG02,Wiggins 39,40.2998,-103.9520,2.5,4421,1997-04-01 00:00,2005-07-31 00:00,COAGMET,CO
WLS01,Walsh,37.3830,-102.2940,2.5,3974,2012-04-11 00:00,,COAGMET,CO
WLT01,Wellington,40.6762,-104.9970,2.5,5144,2005-08-08 00:00,2010-06-15 00:00,COAGMET,CO
WRY01,Wray,40.1924,-102.2030,2.5,3681,1996-05-09 00:00,2013-06-22 00:00,COAGMET,CO
WRY02,Wray 2,40.2187,-102.2650,2.5,3736,2015-04-01 00:00,,COAGMET,CO
YJK01,Yellow Jacket,37.5428,-108.7398,2.5,6900,1992-01-02 00:00,,COAGMET,CO
YUC01,Yucca House,37.2478,-108.6870,2.5,5975,2002-08-23 00:00,,COAGMET,CO
YUM01,Yuma,40.1035,-102.6060,2.5,4000,1993-05-19 00:00,2010-01-01 00:00,COAGMET,CO
YUM02,Yuma,40.1504,-102.7240,2.5,4104,1996-05-08 00:00,,COAGMET,CO
BLD01,Boulder South West,39.9740,-105.2460,2.5,5515,2002-07-01 00:00,,COAGMET,CO
BLD02,Boulder North West,40.0549,-105.2890,2.5,5561,2000-06-30 00:00,,COAGMET,CO
BRU01,Brush,40.2725,-103.3530,2.5,4215,1994-01-01 00:00,,COAGMET,CO
BTD01,Berthoud,40.3222,-105.0820,2.5,5069,2004-01-01 00:00,,COAGMET,CO
CRK01,Crook,40.8439,-102.5120,2.5,3735,1994-01-01 00:00,,COAGMET,CO
EAT01,Eaton,40.5556,-104.4530,2.5,4900,1994-01-01 00:00,,COAGMET,CO
FTC02,Fort Collins East,40.6069,-105.0226,2.5,5005,1994-01-01 00:00,,COAGMET,CO
FTC04,Fort Collins Central,40.5587,-105.1050,2.5,5033,2002-04-17 00:00,,COAGMET,CO
FTL02,Fort Lupton,40.0844,-104.7910,2.5,4992,2006-01-01 00:00,,COAGMET,CO
FTM02,Fort Morgan,40.2801,-103.8200,2.5,4314,2008-01-01 00:00,,COAGMET,CO
GIL01,Gilcrest,40.2809,-104.8214,2.5,4755,1994-01-01 00:00,,COAGMET,CO
GLY05,Greeley West,40.4116,-104.7860,2.5,4815,1997-04-30 00:00,,COAGMET,CO
JCN01,Johnsons Corner,40.3653,-105.0188,2.5,4965,1994-01-01 00:00,,COAGMET,CO
LMT01,Longmont South,40.0733,-105.0540,2.5,5085,1994-01-01 00:00,,COAGMET,CO
LMT02,Longmont West,40.1925,-105.1230,2.5,5053,1997-07-31 00:00,,COAGMET,CO
LOV01,Loveland,40.4236,-105.1117,2.5,5040,1993-01-01 00:00,,COAGMET,CO
OVD01,Ovid,40.9700,-102.2710,2.5,3575,1994-01-01 00:00,,COAGMET,CO
SHM01,Shadow Mountain,40.2074,-105.8420,2.5,8387,2011-09-15 00:00,,COAGMET,CO
STG02,Sterling,40.5833,-103.1420,2.5,3950,1994-01-01 00:00,,COAGMET,CO
WGP01,Windy Gap,40.0970,-105.9720,2.5,7858,1999-09-08 00:00,,COAGMET,CO
WIG01,Wiggins,40.3144,-104.0330,2.5,4485,1993-03-24 00:00,,COAGMET,CO
ASUK1,Ashland 8S,37.064758,-99.751090,2,562.0,,,KSRE,KS
ASBK1,Ashland Bottoms,39.125773,-96.636530,2,324.6,,,KSRE,KS
BVMK1,Belleville 2W,39.814090,-97.675093,2,471.0,,,KSRE,KS
BEN,Bennington 3N,39.073800,-97.586200,2,392.0,,,KSRE,KS
BEN1,Bentley 2S GMD,37.853860,-97.533110,2,422.0,,,KSRE,KS
BUN,Bunker Hill 3NE,38.912820,-98.673800,2,546.0,,,KSRE,KS
EDCK1,Butler College,37.804310,-96.883060,2,400.8,,,KSRE,KS
WCAK1,Cairo,37.650257,-98.555130,2,524.9,,,BBW,KS
CRKK1,Cherokee,37.198980,-94.980900,2,263.4,,,KSRE,KS
KCNK1,Saint Francis 10S,39.626470,-101.807490,2,1113.7,,,KSRE,KS
KCNK1,Saint Francis 10S,39.633333,-101.815833,2,1113.7,,,KSRE,KS
CKMK1,Clay Center,39.417960,-97.139770,2,388.3,,,KSRE,KS
LBYK1,Colby,39.392470,-101.068640,2,972.3,,,KSRE,KS
CORK1,Corning 2NW,39.688300,-96.051800,2,410.0,,,KSRE,KS
WCUK1,Cullison,37.630581,-98.905373,2,620.9,,,BBW,KS
EAS,East Sedgwick,37.871000,-97.205000,2,427.0,,,,
EMLK1,Elmdale 1SE,38.362520,-96.618227,2,406.0,,,KSRE,KS
FLI,Flickner Tech Farm,38.203408,-97.572003,2,447.0,,,KSRE,KS
GCUK1,Garden City,37.997330,-100.815140,2,882.1,,,KSRE,KS
GOO,GoodlandTechFarm,39.365460,-101.696830,2,1112.0,,,KSRE,KS
OVEK1,Gove 5SE,38.916100,-100.396000,2,781.0,,,KSRE,KS
GTUK1,Ulysses,37.649620,-101.366370,2,934.2,,,KSRE,KS
GYUK1,Montezuma,37.791570,-100.297340,2,794.3,,,KSRE,KS
WGBK1,Great Bend,38.364452,-98.764809,2,585.8,,,BBW,KS
WGRK1,Greensburg,37.602798,-99.292610,2,681.2,,,BBW,KS
GYMK1,Gypsum 1NW,38.725220,-97.444150,2,373.0,,,KSRE,KS
HMUK1,Syracuse,37.976350,-101.769000,2,988.0,,,KSRE,KS
ANTK1,Anthony 7SW,37.064780,-98.084730,2,427.6,,,KSRE,KS
ATMK1,Alta Mills,38.140699,-97.642002,2,441.0,,,EBW,KS
HAS,Sublette 16NW,37.659160,-101.026700,2,934.8,,,KSRE,KS
HYUK1,Hays,38.849450,-99.344610,2,618.7,,,KSRE,KS
HSVK1,Haysville,37.519775,-97.312143,2,378.4,,,KSRE,KS
HSVK1,Haysville 3SE,37.519775,-97.312143,2,378.4,,,KSRE,KS
HES,Hesston,38.133300,-97.400000,2,457.2,,,,
HIMK1,Hiawatha,39.842380,-95.481870,2,308.5,,,KSRE,KS
HCYK1,Hill City,39.374120,-99.829870,2,665.1,,,KSRE,KS
KJTK1,Jetmore 1NNW,38.100670,-99.901600,2,716.0,,,KSRE,KS
KJTK1,Jetmore 1NNW,38.100670,-99.901600,2,716.0,,,KSRE,KS
HOI,Hoisington 4S,38.452450,-98.793600,2,508.0,,,KSRE,KS
HODK1,Howard 14NW,37.550050,-96.491330,2,480.0,,,KSRE,KS
HINK1,Hutchinson,37.930970,-98.020000,2,468.8,,,KSRE,KS
HUT,Hutchinson 1NW GMD,38.086180,-97.968090,2,473.0,,,KSRE,KS
JEWK1,Jewell,39.683420,-98.213060,2,540.1,,,KSRE,KS
KIN,Kinsley 6S,37.839110,-99.431090,2,675.0,,,KSRE,KS
KON,RL.KonzaPrairie,39.088400,-96.545800,2,435.6,,,KSRE,KS
LCRK1,La Crosse,38.540970,-99.280500,2,625.7,,,KSRE,KS
LCUK1,Lake City 3SE,37.309108,-98.793556,2,509.3,,,KSRE,KS
LKUK1,Lakin 3SSE,37.893682,-101.232583,2,912.9,,,KSRE,KS
LNUK1,Dighton 8WNW,38.508770,-100.614690,2,872.4,,,KSRE,KS
LAR,Larned 6SW,38.129200,-99.184920,2,619.0,,,KSRE,KS
LEB,Lebanon 2SW,39.798450,-98.587230,2,541.0,,,KSRE,KS
KWHK1,Leoti,38.483360,-101.327720,2,1001.6,,,KSRE,KS
WLEK1,Lewis,37.936127,-99.252609,2,828.1,,,BBW,KS
LIT,Little River 2W,38.392510,-98.049060,2,515.0,,,KSRE,KS
LORK1,Lorraine 2SW,38.557980,-98.352030,2,542.0,,,KSRE,KS
LUEK1,Ludell 3N,39.902230,-100.962910,2,917.0,,,KSRE,KS
WMCK1,Macksville,37.959187,-98.968704,2,620.3,,,BBW,KS
MTNK1,Manhattan,39.208570,-96.591690,2,332.2,,,KSRE,KS
MPRK1,McPherson,38.364260,-97.699999,2,451.1,,,EBW,KS
MCHK1,McPherson 1S,38.345030,-97.663311,2,453.0,,,KSRE,KS
MEUK1,Meade 11N,37.134840,-100.395610,2,717.8,,,KSRE,KS
POLK1,Paola 2NE,38.592280,-94.847860,2,291.4,,,KSRE,KS
BEOK1,Mitchell,39.437120,-98.210010,2,453.2,,,KSRE,KS
MOB,Mobile_Station,37.773344,-100.952989,2,894.1,,,,
SVUK1,Moscow 10NW,37.373222,-101.378416,2,947.0,,,KSRE,KS
MTPK1,Mount Hope 3NE,37.897700,-97.628860,2,448.0,,,KSRE,KS
MTPK1,Mount Hope 3NE GMD,37.897700,-97.628860,2,448.0,,,KSRE,KS
NSUK1,Ness City 5SE,38.386119,-99.855547,2,678.0,,,KSRE,KS
WOBK1,Willowbrook 2NW,38.122035,-98.009244,2,484.9,,,EBW,KS
NRRK1,Norton 4SW,39.805750,-99.969210,2,720.0,,,KSRE,KS
OBRK1,Oberlin 7NE,39.898100,-100.441300,2,789.0,,,KSRE,KS
OLZK1,Olathe,38.883030,-94.991100,2,283.6,,,KSRE,KS
PMSK1,Pomona Lake,38.697040,-95.608590,2,302.1,,,KSRE,KS
OSNK1,Osborne,39.454380,-98.703480,2,490.1,,,KSRE,KS
OSKK1,Oskaloosa1SE,39.205800,-95.308400,2,345.0,,,KSRE,KS
OAWK1,Ottawa,38.539140,-95.248100,2,299.3,,,KSRE,KS
OAWK1,Ottawa,38.542680,-95.246470,2,295.0,,,KSRE,KS
PMSK1,Overbrook,38.716584,-95.516262,2,340.0,,,KSRE,KS
PASK1,Parsons,37.368750,-95.287710,2,287.7,,,KSRE,KS
PHGK1,Phillispburg1SW,39.741700,-99.353000,2,587.0,,,KSRE,KS
PLA,Plainville 5N,39.321510,-99.294240,2,611.0,,,KSRE,KS
POW,Powhattan,39.800000,-95.800000,2,365.8,,,,
PTPK1,Pretty Prairie,37.777380,-98.029120,2,478.0,,,KSRE,KS
PTPK1,Pretty Prairie GMD,37.777380,-98.029120,2,478.0,,,KSRE,KS
WRAK1,Radium,38.174187,-98.893433,2,602.9,,,BBW,KS
RFUK1,Richfield 1SW,37.258740,-101.791950,2,1045.5,,,KSRE,KS
RKSK1,Rock Springs,38.866853,-96.902869,2,374.0,,,KSRE,KS
RKFK1,Rocky Ford,39.231640,-96.580490,2,318.1,,,KSRE,KS
RSVK1,Rossville,39.116380,-95.925980,2,276.5,,,KSRE,KS
RSVK1,Rossville,39.116610,-95.915720,2,276.5,,,KSRE,KS
ROT,Roth Tech Farm,38.035610,-101.030800,2,895.8,,,KSRE,KS
WROK1,Rozel,38.195847,-99.403168,2,631.9,,,BBW,KS
USSK1,RussellSprings3SW,38.886300,-101.222000,2,939.0,,,KSRE,KS
SAUK1,Satanta 11SE,37.305390,-100.887170,2,879.6,,,KSRE,KS
SCAK1,Scandia,39.828640,-97.838940,2,457.2,,,KSRE,KS&a
SCO,Scott,38.534669,-100.730783,2,890.0,,,,
SYUK1,Scott City 3SE,38.465548,-100.849959,2,905.0,,,KSRE,KS
SEAK1,Sedan 4NW,37.165000,-96.228000,2,303.0,,,KSRE,KS
MTPK1,MT Hope 2NE,37.890235,-97.632127,2,431.6,,,EBW,KS
SEG,Seguin 3E,39.336850,-100.530520,2,844.0,,,KSRE,KS
KSDK1,Hoxie 9W,39.357360,-100.610460,2,883.0,,,KSRE,KS
KSHK1,Goodland 8SW,39.281250,-101.819360,2,1155.8,,,KSRE,KS
SLKK1,Silver Lake,39.077880,-95.770590,2,270.7,,,KSRE,KS
SLKK1,Silver Lake 4E,39.092130,-95.781530,2,274.0,,,KSRE,KS
PTPK1,Pretty Prairie,37.798516,-98.005140,2,477.0,,,EBW,KS
SPUK1,Spearville,37.902454,-99.869524,2,706.9,,,KSRE,KS
STJK1,St. John,37.957100,-98.748130,2,586.7,,,KSRE,KS
STJK1,St. John,38.014256,-98.775066,2,578.0,,,KSRE,KS
WSFK1,Stafford,37.962234,-98.600639,2,566.3,,,BBW,KS
STUK1,Johnson City 2N,37.613550,-101.728380,2,999.7,,,KSRE,KS
WSTK1,Sterling,38.210011,-98.207008,2,499.9,,,BBW,KS
SVUK1,Hugoton 10ENE,37.351860,-101.355480,2,947.3,,,KSRE,KS
SUB,Sublette 10NE,37.623260,-100.780770,2,887.0,,,KSRE,KS
HSUK1,Sublette 1E,37.490035,-100.818246,2,886.0,,,KSRE,KS
TUNK1,Tribune,38.466250,-101.775220,2,1108.6,,,KSRE,KS
TNEK1,Tribune 6NE,38.530410,-101.664340,2,1098.0,,,KSRE,KS
UNNK1,Uniontown 3NW,37.881500,-95.008200,2,324.0,,,KSRE,KS
VIOK1,Viola 2SW,37.459720,-97.624690,2,413.5,,,KSRE,KS
WKUK1,Wakeeney,39.022800,-99.866900,2,749.0,,,KSRE,KS
KWLK1,Sharon Springs 8SW,38.819800,-101.852990,2,1130.2,,,KSRE,KS
WMNK1,Washington,39.782293,-97.054804,2,418.6,,,KSRE,KS
WEL,Weld 3E,38.175660,-95.242040,2,353.0,,,KSRE,KS
YACK1,Yates Center,37.861200,-95.783600,2,338.0,,,KSRE,KS
STA2,"Eldred, MN",47.68769,-96.82221,3,262,1995-04-30 00:00,,NDAWN,MN
STA3,"Perley, MN",47.17992,-96.68974,3,269,1995-02-02 00:00,,NDAWN,MN
STA4,"Humboldt, MN",48.88351,-97.15029,3,243,1995-05-18 00:00,,NDAWN,MN
STA5,"Stephen, MN",48.45674,-96.85367,3,254,1994-04-24 00:00,,NDAWN,MN
STA6,"Warren, MN",48.13689,-96.83904,3,256,1995-05-19 00:00,,NDAWN,MN
STA7,"Brorson, MT",47.78227,-104.24812,3,688,1995-01-01 00:00,,NDAWN,MT
STA8,"Sidney, MT",47.72983,-104.15242,3,589,1995-01-01 00:00,,NDAWN,MT
STA9,"Baker, ND",48.16713,-99.64839,3,519,1993-07-28 00:00,,NDAWN,ND
STA10,"Beach, ND",46.78941,-103.96629,3,884,1993-07-23 00:00,,NDAWN,ND
STA12,"Bottineau, ND",48.82076,-100.75944,3,451,1993-01-01 00:00,,NDAWN,ND
STA13,"Bowman, ND",46.19958,-103.47303,3,916,1993-01-01 00:00,,NDAWN,ND
STA14,"Cando, ND",48.48294,-99.23359,3,452,1994-05-12 00:00,,NDAWN,ND
STA15,"Carrington, ND",47.50865,-99.13215,3,476,1990-04-24 00:00,,NDAWN,ND
STA16,"Cavalier, ND",48.84428,-97.64428,3,267,1993-07-03 00:00,,NDAWN,ND
STA18,"Crary, ND",48.04971,-98.60614,3,460,1999-09-24 00:00,,NDAWN,ND
STA19,"Dazey, ND",47.18321,-98.13767,3,439,1993-01-01 00:00,,NDAWN,ND
STA20,"Dickinson, ND",46.89483,-102.81284,3,767,1990-07-18 00:00,,NDAWN,ND
STA21,"Edgeley, ND",46.31913,-98.76608,3,503,1993-09-02 00:00,,NDAWN,ND
STA23,"Fargo, ND",46.90027,-96.83234,3,275,1990-04-24 00:00,,NDAWN,ND
STA24,"Forest River, ND",48.29607,-97.60317,3,279,1991-06-28 00:00,,NDAWN,ND
STA25,"Galesburg, ND",47.20973,-97.43057,3,331,1995-05-22 00:00,,NDAWN,ND
STA26,"Grand Forks, ND",47.83634,-97.06685,3,258,1990-04-24 00:00,,NDAWN,ND
STA27,"Harvey, ND",47.73047,-99.91938,3,492,1994-06-29 00:00,,NDAWN,ND
STA28,"Hazen, ND",47.30177,-101.67933,3,552,1993-07-15 00:00,,NDAWN,ND
STA29,"Hettinger, ND",46.01255,-102.64564,3,826,1990-04-24 00:00,,NDAWN,ND
STA30,"Hillsboro, ND",47.35332,-96.92188,3,267,1993-09-15 00:00,,NDAWN,ND
STA31,"Hofflund, ND",48.1644,-103.108,3,580,1999-04-28 00:00,,NDAWN,ND
STA33,"Jamestown, ND",46.90669,-98.92778,3,499,1990-04-24 00:00,,NDAWN,ND
STA34,"Langdon, ND",48.75989,-98.34458,3,498,1990-04-04 00:00,,NDAWN,ND
STA35,"Linton, ND",46.32716,-100.28146,3,601,1993-01-01 00:00,,NDAWN,ND
STA36,"Mandan, ND",46.77356,-100.91401,3,590,1999-06-24 00:00,,NDAWN,ND
STA37,"Mayville, ND",47.49846,-97.26178,3,294,1995-05-08 00:00,,NDAWN,ND
STA38,"McHenry, ND",47.68494,-98.62346,3,505,1995-08-14 00:00,,NDAWN,ND
STA40,"Minot, ND",48.18043,-101.30797,3,539,1990-04-24 00:00,,NDAWN,ND
STA41,"Mohall, ND",48.76384,-101.53363,3,500,1993-07-29 00:00,,NDAWN,ND
STA43,"Oakes, ND",46.06672,-98.10281,3,397,1990-04-24 00:00,,NDAWN,ND
STA44,"Prosper, ND",47.00168,-97.11556,3,281,1990-04-24 00:00,,NDAWN,ND
STA45,"Robinson, ND",47.17305,-99.79807,3,550,1993-07-14 00:00,,NDAWN,ND
STA46,"Rolla, ND",48.84299,-99.61409,3,552,1996-06-01 00:00,,NDAWN,ND
STA47,"St. Thomas, ND",48.60123,-97.49328,3,264,1994-05-23 00:00,,NDAWN,ND
STA48,"Streeter, ND",46.71797,-99.46081,3,593,1990-04-24 00:00,,NDAWN,ND
STA50,"Turtle Lake, ND",47.56793,-100.91529,3,582,1993-01-19 00:00,,NDAWN,ND
STA52,"Watford City, ND",47.81043,-103.23218,3,653,1993-01-01 00:00,,NDAWN,ND
STA53,"Williston, ND",48.13308,-103.73859,3,637,1990-04-24 00:00,,NDAWN,ND
STA54,"Mooreton, ND",46.22509,-96.89536,3,300,1990-07-18 00:00,,NDAWN,ND
STA56,"Berthold, ND",48.37954,-101.82199,3,650,2001-06-14 00:00,,NDAWN,ND
STA57,"Wishek, ND",46.26033,-99.66585,3,676,2001-07-06 00:00,,NDAWN,ND
STA58,"Bowbells, ND",48.81662,-102.23937,3,597,2001-07-19 00:00,,NDAWN,ND
STA59,"Karlsruhe, ND",48.12217,-100.62569,3,473,2001-08-19 00:00,,NDAWN,ND
STA60,"Sabin, MN",46.79741,-96.61182,3,280,2001-10-18 00:00,,NDAWN,MN
STA61,"Roseau, MN",48.68518,-95.73438,3,334,2001-10-19 00:00,,NDAWN,MN
STA62,"Fingal, ND",46.74639,-97.91081,3,445,2001-10-18 00:00,,NDAWN,ND
STA63,"Wahpeton, ND",46.35507,-96.66585,3,291,2001-10-18 00:00,,NDAWN,ND
STA64,"Pillsbury, ND",47.22536,-97.79121,3,392,2001-10-30 00:00,,NDAWN,ND
STA65,"Crosby, ND",48.80716,-103.31174,3,632,2002-05-03 00:00,,NDAWN,ND
STA66,"Ross, ND",48.31277,-102.45039,3,706,2002-05-03 00:00,,NDAWN,ND
STA67,"Plaza, ND",47.86224,-101.95765,3,645,2002-05-08 00:00,,NDAWN,ND
STA68,"Tappen, ND",46.88554,-99.57505,3,559,2002-04-30 00:00,,NDAWN,ND
STA69,"Mott, ND",46.37979,-102.32195,3,745,2002-09-17 00:00,,NDAWN,ND
STA70,"Greenbush, MN",48.70367,-96.32539,3,312,2002-10-11 00:00,,NDAWN,MN
STA71,"Mavie, MN",48.12115,-95.97144,3,353,2002-10-19 00:00,,NDAWN,MN
STA72,"Leonard, ND",46.72939,-97.28348,3,290,2002-11-08 00:00,,NDAWN,ND
STA73,"Michigan, ND",48.01947,-98.17213,3,464,2003-06-25 00:00,,NDAWN,ND
STA74,"Rugby, ND",48.35444,-100.06363,3,465,2003-10-08 00:00,,NDAWN,ND
STA75,"Ekre, ND",46.54005,-97.14094,3,321,2005-10-27 00:00,,NDAWN,ND
STA76,"Lisbon, ND",46.44473,-97.72105,3,372,2006-05-17 00:00,,NDAWN,ND
STA77,"Grafton, ND",48.41233,-97.18599,3,244,2006-05-21 00:00,,NDAWN,ND
STA78,"Ada, MN",47.32119,-96.51406,3,277,2007-04-26 00:00,,NDAWN,MN
STA79,"Marion, ND",46.56453,-98.32759,3,447,2007-05-02 00:00,,NDAWN,ND
STA80,"Inkster, ND",48.16632,-97.71045,3,339,2009-06-16 00:00,,NDAWN,ND
STA81,"Dunn, ND",47.34161,-102.63076,3,675,2009-05-29 00:00,,NDAWN,ND
STA82,"Kennedy, MN",48.63667,-97.04094,3,244,2013-05-28 00:00,,NDAWN,MN
STA83,"Garrison, ND",47.71023,-101.67955,3,671,2013-08-07 00:00,,NDAWN,ND
STA84,"Brampton, ND",45.98412,-97.82077,3,402,2014-10-13 00:00,,NDAWN,ND
STA85,"Cooperstown, ND",47.44278,-98.17723,3,443,2014-10-09 00:00,,NDAWN,ND
STA86,"Finley, ND",47.52643,-97.84726,3,450,2014-10-09 00:00,,NDAWN,ND
STA87,"Campbell, MN",46.06494,-96.37014,3,301,2015-05-15 00:00,,NDAWN,MN
STA88,"Pekin, ND",47.80764,-98.31067,3,459,2015-05-21 00:00,,NDAWN,ND
STA89,"Fort Yates, ND",46.08488,-100.67651,3,507,2015-07-23 00:00,,NDAWN,ND
STA90,"Froid, MT",48.25794,-104.49668,3,657,2015-09-17 00:00,,NDAWN,MT
STA91,"Ulen, MN",47.05044,-96.10842,3,365,2015-10-20 00:00,,NDAWN,MN
STA92,"Waukon, MN",47.32581,-96.13258,3,349,2015-10-20 00:00,,NDAWN,MN
STA93,"Fox, MN",48.87775,-95.85017,3,317,2016-05-09 00:00,,NDAWN,MN
STA95,"Williams, MN",48.85841,-94.98082,3,333,2016-08-02 00:00,,NDAWN,MN
STA96,"Carson, ND",46.44304,-101.37384,3,642,2016-10-03 00:00,,NDAWN,ND
STA97,"Edmore, ND",48.42057,-98.51278,3,463,2017-04-06 00:00,,NDAWN,ND
STA98,"Alamo, ND",48.54652,-103.47186,3,657,2017-04-11 00:00,,NDAWN,ND
STA99,"Dagmar, MT",48.55591,-104.34651,3,644,2017-04-12 00:00,,NDAWN,MT
STA100,"Redstone, MT",48.82451,-104.84179,3,732,2017-04-12 00:00,,NDAWN,MT
STA101,"Dooley, MT",48.83369,-104.38458,3,783,2017-04-13 00:00,,NDAWN,MT
STA102,"Hope, ND",47.36845,-97.63963,3,345,2017-05-01 00:00,,NDAWN,ND
STA103,"Ottertail, MN",46.41095,-95.57431,3,413,2018-02-27 00:00,,NDAWN,MN
STA104,"Crystal, ND",48.61617,-97.7645,3,288,2018-05-02 00:00,,NDAWN,ND
STA105,"Kempton, ND",47.78041,-97.49431,3,335,2018-05-04 00:00,,NDAWN,ND
STA106,"Ray, ND",48.40095,-103.16926,3,706,2018-05-08 00:00,,NDAWN,ND
STA107,"Genoa, ND",48.15324,-100.99431,3,490,2018-05-10 00:00,,NDAWN,ND
STA108,"Steele, ND",46.89402,-99.99273,3,568,2018-05-11 00:00,,NDAWN,ND
STA109,"Maddock, ND",47.99178,-99.53329,3,492,2018-05-16 00:00,,NDAWN,ND
STA110,"Zeeland, ND",46.01351,-99.68768,3,631,2018-05-30 00:00,,NDAWN,ND
STA111,"Adams, ND",48.49988,-98.07588,3,482,2018-06-21 00:00,,NDAWN,ND
STA112,"Webster, ND",48.29643,-98.87868,3,447,2018-06-27 00:00,,NDAWN,ND
STA113,"Niles, ND",48.24831,-99.32927,3,465,2018-09-12 00:00,,NDAWN,ND
STA114,"Perham, MN",46.61049,-95.60188,3,419,2018-06-05 00:00,,NDAWN,MN
STA115,"Pine Point, MN",47.01272,-95.37151,3,477,2018-06-05 00:00,,NDAWN,MN
STA116,"Parkers Prairie, MN",46.16941,-95.35602,3,448,2018-05-22 00:00,,NDAWN,MN
STA117,"Wadena, MN",46.44831,-95.21421,3,416,2018-05-22 00:00,,NDAWN,MN
STA118,"Becker, MN",45.34399,-93.85014,3,287,2018-06-05 00:00,,NDAWN,MN
STA119,"Hubbard, MN",46.82059,-94.99579,3,430,2018-06-05 00:00,,NDAWN,MN
STA120,"Little Falls, MN",45.93214,-94.25144,3,338,2018-06-15 00:00,,NDAWN,MN
STA121,"Rice, MN",45.79384,-94.26182,3,329,2018-06-14 00:00,,NDAWN,MN
STA122,"Staples, MN",46.38774,-94.80874,3,392,2018-06-12 00:00,,NDAWN,MN
STA123,"Westport, MN",45.71509,-95.17179,3,410,2018-10-12 00:00,,NDAWN,MN
STA124,"Clarissa, MN",46.11155,-94.90583,3,397,2018-06-12 00:00,,NDAWN,MN
STA125,"Sawyer, ND",47.97811,-101.08942,3,572,2019-05-01 00:00,,NDAWN,ND
STA126,"Fortuna, ND",48.96375,-103.80585,3,685,2019-05-04 00:00,,NDAWN,ND
STA127,"Grenora, ND",48.73502,-103.88123,3,643,2019-05-06 00:00,,NDAWN,ND
STA128,"Noonan, ND",48.74974,-103.00602,3,731,2019-05-06 00:00,,NDAWN,ND
STA129,"Denhoff, ND",47.48741,-100.24677,3,631,2019-06-13 00:00,,NDAWN,ND
STA130,"Medicine Hole, ND",47.55994,-102.99209,3,776,2019-06-26 00:00,,NDAWN,ND
STA131,"Werner, ND",47.44446,-102.50014,3,694,2019-06-24 00:00,,NDAWN,ND
STA132,"Hawkeye, ND",48.02412,-102.94069,3,708,2019-06-25 00:00,,NDAWN,ND
STA133,"Rat Lake, ND",48.19696,-102.69861,3,702,2019-06-25 00:00,,NDAWN,ND
STA134,"Crane Creek, ND",48.06479,-102.35424,3,671,2019-06-27 00:00,,NDAWN,ND
STA135,"Liberty, ND",47.91442,-102.21597,3,623,2019-06-27 00:00,,NDAWN,ND
STA136,"Croff, ND",47.74951,-102.87725,3,683,2019-06-26 00:00,,NDAWN,ND
STA137,"Charbonneau, ND",47.92098,-103.79042,3,695,2019-06-26 00:00,,NDAWN,ND
STA138,"Arnegard, ND",47.93947,-103.45565,3,687,2019-06-27 00:00,,NDAWN,ND
STA139,"Epping, ND",48.25607,-103.31802,3,676,2019-06-27 00:00,,NDAWN,ND
STA140,"Courtenay, ND",47.22119,-98.67987,3,472,2019-07-18 00:00,,NDAWN,ND
STA141,"Logan Center, ND",47.80258,-97.77438,3,414,2019-07-24 00:00,,NDAWN,ND
STA142,"Amidon, ND",46.48844,-103.31629,3,878,2019-08-07 00:00,,NDAWN,ND
STA143,"Clyde, ND",48.73715,-98.97841,3,491,2021-03-26 00:00,,NDAWN,ND
STA144,"Hanks, ND",48.53974,-103.79757,3,683,2023-01-01 00:00,,NDAWN,ND
STA145,"New Hradec, ND",47.06771,-102.94821,3,784,2023-01-01 00:00,,NDAWN,ND
STA146,"Portal, ND",48.98128,-102.52419,3,594,2023-01-01 00:00,,NDAWN,ND
STA147,"Sunny Slope, ND",46.16482,-103.88864,3,848,2023-01-01 00:00,,NDAWN,ND
STA148,"Wolverton, MN",46.56545,-96.68726,3,286,2021-03-30 00:00,,NDAWN,MN
STA149,"Wolford, ND",48.51603,-99.62441,3,491,2021-03-30 00:00,,NDAWN,ND
STA150,"Wales, ND",48.89141,-98.62842,3,476,2021-03-30 00:00,,NDAWN,ND
STA151,"Sully Springs, ND",46.87071,-103.38968,3,787,2023-01-01 00:00,,NDAWN,ND
STA152,"Stirum, ND",46.22351,-97.87161,3,401,2021-03-30 00:00,,NDAWN,ND
STA153,"Keene, ND",47.89372,-103.04803,3,716,2023-01-01 00:00,,NDAWN,ND
STA154,"Hirschville, ND",47.09731,-102.54035,3,656,2023-01-01 00:00,,NDAWN,ND
STA155,"Grassy Butte, ND",47.38661,-103.20628,3,819,2023-01-01 00:00,,NDAWN,ND
STA156,"Glyndon, MN",46.86628,-96.56763,3,282,2021-03-29 00:00,,NDAWN,MN
STA157,"Fayette, ND",47.24141,-102.96038,3,743,2023-01-01 00:00,,NDAWN,ND
STA158,"Fairfield, ND",47.12531,-103.24321,3,818,2023-01-01 00:00,,NDAWN,ND
STA159,"Battleview, ND",48.67471,-102.69032,3,748,2023-01-01 00:00,,NDAWN,ND
STA160,"Banks, ND",47.91997,-103.24063,3,617,2023-01-01 00:00,,NDAWN,ND
STA161,"Ayr, ND",47.04639,-97.49481,3,370,2021-03-29 00:00,,NDAWN,ND
STA162,"Alexander, ND",47.75056,-103.73358,3,671,2023-01-01 00:00,,NDAWN,ND
STA163,"Perth, ND",48.71833,-99.30675,3,486,2021-03-30 00:00,,NDAWN,ND
STA164,"Antelope Creek, ND",47.67473,-103.43309,3,675,2023-01-01 00:00,,NDAWN,ND
STA165,"Big Bend, ND",47.93424,-102.50799,3,598,2023-01-01 00:00,,NDAWN,ND
STA166,"Dry Fork, ND",48.24077,-102.89402,3,652,2023-01-01 00:00,,NDAWN,ND
STA167,"Four Bears, ND",48.01541,-102.68151,3,610,2023-01-01 00:00,,NDAWN,ND
STA168,"Pioneer, ND",48.25598,-103.90634,3,703,2023-01-01 00:00,,NDAWN,ND
STA169,"Tioga, ND",48.49668,-102.99434,3,716,2023-01-01 00:00,,NDAWN,ND
STA170,"Powers Lake, ND",48.484167,-102.560834,3,700,2023-01-01 00:00,,NDAWN,ND
STA171,"Palermo, ND",48.48079,-102.21163,3,694,2023-01-01 00:00,,NDAWN,ND
STA172,"Emerado, ND",47.91201,-97.32515,3,267,2021-04-22 00:00,,NDAWN,ND
STA173,"Hastings, MN",44.68768,-92.85985,3,249,2023-01-01 00:00,,NDAWN,MN
STA174,"Alvarado, MN",48.24594,-97.02153,3,247,2021-05-03 00:00,,NDAWN,MN
STA175,"Poker Jim, ND",47.50252,-103.65588,3,635,2023-01-01 00:00,,NDAWN,ND
STA176,"Sentinel Butte, ND",47.06694,-103.79333,3,831,2023-01-01 00:00,,NDAWN,ND
STA177,"Shell Lake, ND",48.15001,-102.07275,3,627,2023-01-01 00:00,,NDAWN,ND
STA178,"Dublin, ND",48.40139,-103.50166,3,643,2023-01-01 00:00,,NDAWN,ND
STA179,"Brocket, ND",48.21319,-98.34239,3,465,2023-01-01 00:00,,NDAWN,ND
STA180,"Skogmo, ND",47.74669,-100.43135,3,523,2023-01-01 00:00,,NDAWN,ND
STA181,"Rothsay, MN",46.47129,-96.32263,3,347,2023-01-01 00:00,,NDAWN,MN
STA182,"Underwood, MN",46.30309,-95.88352,3,412,2023-01-01 00:00,,NDAWN,MN
STA183,"Foxhome, MN",46.26819,-96.21563,3,334,2023-01-01 00:00,,NDAWN,MN
STA184,"Elbow Lake, MN",45.96308,-95.98682,3,368,2023-01-01 00:00,,NDAWN,MN
STA185,"Herman, MN",45.80308,-96.25119,3,319,2023-01-01 00:00,,NDAWN,MN
STA186,"Buford, ND",47.97074,-103.92594,3,569,2023-01-01 00:00,,NDAWN,ND
STA187,"Holloway, MN",45.25334,-95.97341,3,312,2023-02-28 00:00,,NDAWN,MN
STA188,"Milnor, ND",46.24106,-97.45705,3,343,2023-05-01 00:00,,NDAWN,ND
STA189,"McKenzie, ND",46.82221,-100.38346,3,536,2023-09-13 00:00,,NDAWN,ND
STA190,"Wing, ND",47.27177,-100.33025,3,601,2023-05-01 00:00,,NDAWN,ND
STA191,"Casselton, ND",46.87995,-97.22302,3,286,2023-05-30 00:00,,NDAWN,ND
STA192,"Davis Dam, ND",46.56414,-103.69703,3,886,2023-06-14 00:00,,NDAWN,ND
STA193,"Marmarth, ND",46.32271,-103.93737,3,866,2023-06-14 00:00,,NDAWN,ND
STA194,"New England, ND",46.52645,-102.96803,3,828,2023-06-15 00:00,,NDAWN,ND
STA195,"Hebron, ND",46.80452,-102.07605,3,747,2023-07-13 00:00,,NDAWN,ND
STA196,"Peace Garden, ND",48.99821,-100.06389,3,690,2023-07-20 00:00,,NDAWN,ND
STA197,"Pretty Rock, ND",46.15995,-101.77054,3,769,2023-08-02 00:00,,NDAWN,ND
STA198,"Lefor, ND",46.58835,-102.38507,3,781,2023-08-02 00:00,,NDAWN,ND
STA199,"Sanger, ND",47.16689,-100.98906,3,520,2023-08-08 00:00,,NDAWN,ND
STA200,"Pick City, ND",47.47477,-101.61245,3,623,2023-08-09 00:00,,NDAWN,ND
STA201,"Center, ND",47.05193,-101.27943,3,619,2023-08-23 00:00,,NDAWN,ND
STA202,"Ypsilanti, ND",46.77638,-98.52323,3,452,2023-09-25 00:00,,NDAWN,ND
STA203,"Willow City, ND",48.60221,-100.21158,3,450,2023-09-29 00:00,,NDAWN,ND
STA204,"Sonora, ND",46.06562,-96.72093,3,300,2023-10-04 00:00,,NDAWN,ND
STA205,"Gardner, ND",47.122778,-96.974167,3,271,2024-04-23 00:00,,NDAWN,ND
STA206,"Pyramid Park, ND",46.78167,-103.35833,3,799,2024-04-23 00:00,,NDAWN,ND
STA207,"Manning, ND",47.1925,-102.8325,3,744,2024-04-25 00:00,,NDAWN,ND
STA208,"Wirch, ND",46.14316,-99.06591,3,601,2024-05-07 00:00,,NDAWN,ND
STA209,"Livona, ND",46.43594,-100.56771,3,515,2024-05-22 00:00,,NDAWN,ND
STA210,"Cedar Lake, ND",46.28376,-103.02859,3,843,2024-06-01 00:00,,NDAWN,ND
STA211,"Elgin, ND",46.5013,-101.9858,3,728,2024-06-01 00:00,,NDAWN,ND
STA212,"Max, ND",47.87,-101.314722,3,668,2024-06-18 00:00,,NDAWN,ND
STA213,"Ryder, ND",47.985261,-101.50893,3,625,2024-06-19 00:00,,NDAWN,ND
STA214,"New Salem, ND",46.7677778,-101.341944,3,668,2024-06-27 00:00,,NDAWN,ND
STA215,"Zap, ND",47.43673,-101.97136,3,667,2024-07-16 00:00,,NDAWN,ND
STA216,"Pickardville, ND",47.41536,-100.67296,3,579,2024-07-17 00:00,,NDAWN,ND
STA217,"Hurdsfield, ND",47.45111,-99.93694,3,579,2024-07-30 00:00,,NDAWN,ND
STA218,"Bremen, ND",47.74583,-99.31833,3,479,2024-07-31 00:00,,NDAWN,ND
STA219,"Crookston, MN",47.823333,-96.620556,3,277,2024-08-03 00:00,,NDAWN,MN
STA220,"Fertile, MN",47.590146,-96.308661,3,344,2024-08-03 00:00,,NDAWN,MN
STA221,"Stanley, ND",48.1962,-102.4652,3,714,2024-08-27 00:00,,NDAWN,ND
STA222,"Waseca, MN",44.0692056,-93.5285566,3,349,2024-08-14 00:00,,NDAWN,MN
STA223,"Fountain, MN",43.745483,-92.186039,3,360,2024-08-15 00:00,,NDAWN,MN
STA224,"Bantry, ND",48.400554,-100.703611,3,458,2024-09-10 00:00,,NDAWN,ND
STA225,"Lamberton, MN",44.237431,-95.30836,3,345,2024-09-25 00:00,,NDAWN,MN
STA226,"Cottonwood, MN",44.596731,-95.672808,3,329,2024-09-26 00:00,,NDAWN,MN
STA227,"Delhi, MN",44.542343,-95.239784,3,320,2024-10-01 00:00,,NDAWN,MN
STA228,"Morris, MN",45.5901,-95.8745,3,349,2024-10-30 00:00,,NDAWN,MN
STA229,"Beardsley, MN",45.6047,-96.6363,3,346,2024-10-30 00:00,,NDAWN,MN
